Workbook

Sheet BEFORE
A1: Product Line in o9 | B1: TOTAL VALUE | C1: EPOS 6M | D1: EPOS 12M | E1: REAS 6M | F1: REAS 12M | G1: Q2 | I1: Q3 | K1: Q4 | M1: FY27
A2: Gorgeous Gardenia | B2: =_xlfn.XLOOKUP(A2,'REAS I'!A:A,'REAS I'!B:B,"") -> 17432.942 | C2: =_xlfn.XLOOKUP(A2,EPOS!D:D,EPOS!AB:AB,"") -> -0.073689973 | D2: =_xlfn.XLOOKUP(A2,EPOS!D:D,EPOS!AE:AE,"") -> -0.12019397 | E2: =_xlfn.XLOOKUP(A2,'REAS I'!A:A,'REAS I'!BS:BS,"") -> 0.082978284 | F2: =_xlfn.XLOOKUP(A2,'REAS I'!A:A,'REAS I'!BT:BT,"") -> 0.053334871 | G2: =_xlfn.XLOOKUP(A2,'REAS I'!A:A,'REAS I'!AJ:AJ,"") -> 0.010554192 | H2: =G2-0.001 -> 0.0095541924 | I2: =_xlfn.XLOOKUP(A2,'REAS I'!A:A,'REAS I'!AR:AR,"") -> -0.20098965 | J2: =I2-0.001 -> -0.20198965 | K2: =_xlfn.XLOOKUP(A2,'REAS I'!A:A,'REAS I'!AZ:AZ,"") -> -0.10708819 | L2: =K2-0.001 -> -0.10808819 | M2: =_xlfn.XLOOKUP(A2,'REAS I'!A:A,'REAS I'!D:D,"") -> -0.18192094 | N2: =M2-0.001 -> -0.18292094
A3: Flora Gorgeous Jasmine | B3: =_xlfn.XLOOKUP(A3,'REAS I'!A:A,'REAS I'!B:B,"") -> 3441.7494 | C3: =_xlfn.XLOOKUP(A3,EPOS!D:D,EPOS!AB:AB,"") -> -0.29680741 | D3: =_xlfn.XLOOKUP(A3,EPOS!D:D,EPOS!AE:AE,"") -> -0.23028093 | E3: =_xlfn.XLOOKUP(A3,'REAS I'!A:A,'REAS I'!BS:BS,"") -> -0.43231378 | F3: =_xlfn.XLOOKUP(A3,'REAS I'!A:A,'REAS I'!BT:BT,"") -> 0.039795525 | G3: =_xlfn.XLOOKUP(A3,'REAS I'!A:A,'REAS I'!AJ:AJ,"") -> -0.58255041 | H3: =G3-0.001 -> -0.58355041 | I3: =_xlfn.XLOOKUP(A3,'REAS I'!A:A,'REAS I'!AR:AR,"") -> 0.21051371 | J3: =I3-0.001 -> 0.20951371 | K3: =_xlfn.XLOOKUP(A3,'REAS I'!A:A,'REAS I'!AZ:AZ,"") -> 0.44391681 | L3: =K3-0.001 -> 0.44291681 | M3: =_xlfn.XLOOKUP(A3,'REAS I'!A:A,'REAS I'!D:D,"") -> -0.35005836 | N3: =M3-0.001 -> -0.35105836
A4: Gucci Flora Gorgeous Magnolia | B4: =_xlfn.XLOOKUP(A4,'REAS I'!A:A,'REAS I'!B:B,"") -> 7756.215 | C4: =_xlfn.XLOOKUP(A4,EPOS!D:D,EPOS!AB:AB,"") -> 0.10839605 | D4: =_xlfn.XLOOKUP(A4,EPOS!D:D,EPOS!AE:AE,"") -> -0.24797544 | E4: =_xlfn.XLOOKUP(A4,'REAS I'!A:A,'REAS I'!BS:BS,"") -> 0.68437228 | F4: =_xlfn.XLOOKUP(A4,'REAS I'!A:A,'REAS I'!BT:BT,"") -> 0.13871825 | G4: =_xlfn.XLOOKUP(A4,'REAS I'!A:A,'REAS I'!AJ:AJ,"") -> 0.2974366 | H4: =G4-0.001 -> 0.2964366 | I4: =_xlfn.XLOOKUP(A4,'REAS I'!A:A,'REAS I'!AR:AR,"") -> 0.10386102 | J4: =I4-0.001 -> 0.10286102 | K4: =_xlfn.XLOOKUP(A4,'REAS I'!A:A,'REAS I'!AZ:AZ,"") -> -0.098390272 | L4: =K4-0.001 -> -0.099390272 | M4: =_xlfn.XLOOKUP(A4,'REAS I'!A:A,'REAS I'!D:D,"") -> 0.29553778 | N4: =M4-0.001 -> 0.29453778
A5: Gucci Flora Gorgeous Orchid | B5: =_xlfn.XLOOKUP(A5,'REAS I'!A:A,'REAS I'!B:B,"") -> 8003.2482 | C5: =_xlfn.XLOOKUP(A5,EPOS!D:D,EPOS!AB:AB,"") -> -0.31172859 | D5: =_xlfn.XLOOKUP(A5,EPOS!D:D,EPOS!AE:AE,"") -> -0.38380501 | E5: =_xlfn.XLOOKUP(A5,'REAS I'!A:A,'REAS I'!BS:BS,"") -> 0.36582979 | F5: =_xlfn.XLOOKUP(A5,'REAS I'!A:A,'REAS I'!BT:BT,"") -> 1.8480469 | G5: =_xlfn.XLOOKUP(A5,'REAS I'!A:A,'REAS I'!AJ:AJ,"") -> 0.018360699 | H5: =G5-0.001 -> 0.017360699 | I5: =_xlfn.XLOOKUP(A5,'REAS I'!A:A,'REAS I'!AR:AR,"") -> -0.033193825 | J5: =I5-0.001 -> -0.034193825 | K5: =_xlfn.XLOOKUP(A5,'REAS I'!A:A,'REAS I'!AZ:AZ,"") -> -0.17632375 | L5: =K5-0.001 -> -0.17732375 | M5: =_xlfn.XLOOKUP(A5,'REAS I'!A:A,'REAS I'!D:D,"") -> -0.19899909 | N5: =M5-0.001 -> -0.19999909
A6: Gucci Flora Gorgeous Gardenia Intense | B6: =_xlfn.XLOOKUP(A6,'REAS I'!A:A,'REAS I'!B:B,"") -> 5098.0509 | C6: =_xlfn.XLOOKUP(A6,EPOS!D:D,EPOS!AB:AB,"") -> 0.11785806 | D6: =_xlfn.XLOOKUP(A6,EPOS!D:D,EPOS!AE:AE,"") -> 1.790624 | E6: =_xlfn.XLOOKUP(A6,'REAS I'!A:A,'REAS I'!BS:BS,"") -> 0 | F6: =_xlfn.XLOOKUP(A6,'REAS I'!A:A,'REAS I'!BT:BT,"") -> 0 | G6: =_xlfn.XLOOKUP(A6,'REAS I'!A:A,'REAS I'!AJ:AJ,"") -> 0 | H6: =G6-0.001 -> -0.001 | I6: =_xlfn.XLOOKUP(A6,'REAS I'!A:A,'REAS I'!AR:AR,"") -> 0 | J6: =I6-0.001 -> -0.001 | K6: =_xlfn.XLOOKUP(A6,'REAS I'!A:A,'REAS I'!AZ:AZ,"") -> 0.011324322 | L6: =K6-0.001 -> 0.010324322 | M6: =_xlfn.XLOOKUP(A6,'REAS I'!A:A,'REAS I'!D:D,"") -> 3.6350957 | N6: =M6-0.001 -> 3.6340957

Sheet AFTER
A1: Product Line in o9 | B1: TOTAL VALUE | C1: EPOS 6M | D1: EPOS 12M | E1: REAS 6M | F1: REAS 12M | G1: Q2 | I1: Q3 | K1: Q4 | M1: FY27
A2: Gorgeous Gardenia | B2: =_xlfn.XLOOKUP(A2,'REAS O'!A:A,'REAS O'!B:B,"") -> 17432.942 | C2: =_xlfn.XLOOKUP(A2,EPOS!D:D,EPOS!AB:AB,"") -> -0.073689973 | D2: =_xlfn.XLOOKUP(A2,EPOS!D:D,EPOS!AE:AE,"") -> -0.12019397 | E2: =_xlfn.XLOOKUP(A2,'REAS O'!A:A,'REAS O'!BS:BS,"") -> 0.082978284 | F2: =_xlfn.XLOOKUP(A2,'REAS O'!A:A,'REAS O'!BT:BT,"") -> 0.053334871 | G2: =_xlfn.XLOOKUP(A2,'REAS O'!A:A,'REAS O'!AJ:AJ,"") -> 0.010554192 | H2: =G2-0.001 -> 0.0095541924 | I2: =_xlfn.XLOOKUP(A2,'REAS O'!A:A,'REAS O'!AR:AR,"") -> -0.20098965 | J2: =I2-0.001 -> -0.20198965 | K2: =_xlfn.XLOOKUP(A2,'REAS O'!A:A,'REAS O'!AZ:AZ,"") -> -0.10708819 | L2: =K2-0.001 -> -0.10808819 | M2: =_xlfn.XLOOKUP(A2,'REAS O'!A:A,'REAS O'!D:D,"") -> -0.18192094 | N2: =M2-0.001 -> -0.18292094
A3: Flora Gorgeous Jasmine | B3: =_xlfn.XLOOKUP(A3,'REAS O'!A:A,'REAS O'!B:B,"") -> 3053.2086 | C3: =_xlfn.XLOOKUP(A3,EPOS!D:D,EPOS!AB:AB,"") -> -0.29680741 | D3: =_xlfn.XLOOKUP(A3,EPOS!D:D,EPOS!AE:AE,"") -> -0.23028093 | E3: =_xlfn.XLOOKUP(A3,'REAS O'!A:A,'REAS O'!BS:BS,"") -> -0.43231378 | F3: =_xlfn.XLOOKUP(A3,'REAS O'!A:A,'REAS O'!BT:BT,"") -> 0.039795525 | G3: =_xlfn.XLOOKUP(A3,'REAS O'!A:A,'REAS O'!AJ:AJ,"") -> -0.58838436 | H3: =G3-0.001 -> -0.58938436 | I3: =_xlfn.XLOOKUP(A3,'REAS O'!A:A,'REAS O'!AR:AR,"") -> -0.0048506294 | J3: =I3-0.001 -> -0.0058506294 | K3: =_xlfn.XLOOKUP(A3,'REAS O'!A:A,'REAS O'!AZ:AZ,"") -> -0.10773563 | L3: =K3-0.001 -> -0.10873563 | M3: =_xlfn.XLOOKUP(A3,'REAS O'!A:A,'REAS O'!D:D,"") -> -0.4234306 | N3: =M3-0.001 -> -0.4244306
A4: Gucci Flora Gorgeous Magnolia | B4: =_xlfn.XLOOKUP(A4,'REAS O'!A:A,'REAS O'!B:B,"") -> 7601.295 | C4: =_xlfn.XLOOKUP(A4,EPOS!D:D,EPOS!AB:AB,"") -> 0.10839605 | D4: =_xlfn.XLOOKUP(A4,EPOS!D:D,EPOS!AE:AE,"") -> -0.24797544 | E4: =_xlfn.XLOOKUP(A4,'REAS O'!A:A,'REAS O'!BS:BS,"") -> 0.68437228 | F4: =_xlfn.XLOOKUP(A4,'REAS O'!A:A,'REAS O'!BT:BT,"") -> 0.13871825 | G4: =_xlfn.XLOOKUP(A4,'REAS O'!A:A,'REAS O'!AJ:AJ,"") -> 0.18656719 | H4: =G4-0.001 -> 0.18556719 | I4: =_xlfn.XLOOKUP(A4,'REAS O'!A:A,'REAS O'!AR:AR,"") -> 0.10386102 | J4: =I4-0.001 -> 0.10286102 | K4: =_xlfn.XLOOKUP(A4,'REAS O'!A:A,'REAS O'!AZ:AZ,"") -> -0.098390272 | L4: =K4-0.001 -> -0.099390272 | M4: =_xlfn.XLOOKUP(A4,'REAS O'!A:A,'REAS O'!D:D,"") -> 0.26966115 | N4: =M4-0.001 -> 0.26866115
A5: Gucci Flora Gorgeous Orchid | B5: =_xlfn.XLOOKUP(A5,'REAS O'!A:A,'REAS O'!B:B,"") -> 7889.5842 | C5: =_xlfn.XLOOKUP(A5,EPOS!D:D,EPOS!AB:AB,"") -> -0.31172859 | D5: =_xlfn.XLOOKUP(A5,EPOS!D:D,EPOS!AE:AE,"") -> -0.38380501 | E5: =_xlfn.XLOOKUP(A5,'REAS O'!A:A,'REAS O'!BS:BS,"") -> 0.36582979 | F5: =_xlfn.XLOOKUP(A5,'REAS O'!A:A,'REAS O'!BT:BT,"") -> 1.8480469 | G5: =_xlfn.XLOOKUP(A5,'REAS O'!A:A,'REAS O'!AJ:AJ,"") -> 0.018360699 | H5: =G5-0.001 -> 0.017360699 | I5: =_xlfn.XLOOKUP(A5,'REAS O'!A:A,'REAS O'!AR:AR,"") -> -0.084870183 | J5: =I5-0.001 -> -0.085870183 | K5: =_xlfn.XLOOKUP(A5,'REAS O'!A:A,'REAS O'!AZ:AZ,"") -> -0.17632375 | L5: =K5-0.001 -> -0.17732375 | M5: =_xlfn.XLOOKUP(A5,'REAS O'!A:A,'REAS O'!D:D,"") -> -0.21037509 | N5: =M5-0.001 -> -0.21137509
A6: Gucci Flora Gorgeous Gardenia Intense | B6: =_xlfn.XLOOKUP(A6,'REAS O'!A:A,'REAS O'!B:B,"") -> 5050.9719 | C6: =_xlfn.XLOOKUP(A6,EPOS!D:D,EPOS!AB:AB,"") -> 0.11785806 | D6: =_xlfn.XLOOKUP(A6,EPOS!D:D,EPOS!AE:AE,"") -> 1.790624 | E6: =_xlfn.XLOOKUP(A6,'REAS O'!A:A,'REAS O'!BS:BS,"") -> 0 | F6: =_xlfn.XLOOKUP(A6,'REAS O'!A:A,'REAS O'!BT:BT,"") -> 0 | G6: =_xlfn.XLOOKUP(A6,'REAS O'!A:A,'REAS O'!AJ:AJ,"") -> 0 | H6: =G6-0.001 -> -0.001 | I6: =_xlfn.XLOOKUP(A6,'REAS O'!A:A,'REAS O'!AR:AR,"") -> 0 | J6: =I6-0.001 -> -0.001 | K6: =_xlfn.XLOOKUP(A6,'REAS O'!A:A,'REAS O'!AZ:AZ,"") -> 0.011324322 | L6: =K6-0.001 -> 0.010324322 | M6: =_xlfn.XLOOKUP(A6,'REAS O'!A:A,'REAS O'!D:D,"") -> 3.5922919 | N6: =M6-0.001 -> 3.5912919

Sheet REAS O
A1: L1 | B1: FY | C1: FY | D1: FY | E1: FY | F1: FY | G1: FY | H1: FY | I1: FY | J1: H | K1: H | L1: H | M1: H | N1: H | O1: H | P1: H | Q1: H | R1: H | S1: H | T1: H | U1: H | V1: H | W1: H | X1: H | Y1: H | Z1: Q | AA1: Q | AB1: Q | AC1: Q | AD1: Q | AE1: Q | AF1: Q | AG1: Q | AH1: Q | AI1: Q | AJ1: Q | AK1: Q | AL1: Q | AM1: Q | AN1: Q | AO1: Q | AP1: Q | AQ1: Q | AR1: Q | AS1: Q | AT1: Q | AU1: Q | AV1: Q | AW1: Q | AX1: Q | AY1: Q | AZ1: Q | BA1: Q | BB1: Q | BC1: Q | BD1: Q | BE1: Q | BF1: M | BG1: M | BH1: M | BI1: M | BJ1: M | BK1: M | BL1: M | BM1: M | BN1: M | BO1: M | BP1: M | BQ1: M | BR1: M | BS1: M | BT1: M | BU1: M | BV1: M | BW1: M | BX1: M | BY1: M | BZ1: M | CA1: M | CB1: M | CC1: M | CD1: M | CE1: M | CF1: M | CG1: M | CH1: M | CI1: M | CJ1: M | CK1: M | CL1: M | CM1: M | CN1: M | CO1: M | CP1: M | CQ1: M | CR1: M | CS1: M | CT1: M | CU1: M | CV1: M | CW1: M | CX1: M | CY1: M | CZ1: M | DA1: M | DB1: M | DC1: M | DD1: M | DE1: M | DF1: M | DG1: M | DH1: M | DI1: M | DJ1: M | DK1: M | DL1: M | DM1: M | DN1: M | DO1: M | DP1: M | DQ1: M | DR1: M | DS1: M | DT1: M | DU1: M | DV1: M | DW1: M | DX1: M | DY1: M | DZ1: M | EA1: M | EB1: M | EC1: M | ED1: M | EE1: M | EF1: M | EG1: M | EH1: M | EI1: M | EJ1: M | EK1: M | EL1: M | EM1: M | EN1: M | EO1: M | EP1: M | EQ1: M | ER1: M | ES1: M | ET1: M | EU1: M | EV1: M | EW1: M
A2: L2 | B2: FY | C2: FY | D2: FY | E2: FY | F2: FY | G2: FY | H2: FY | I2: FY | J2: FY27 | K2: FY27 | L2: FY27 | M2: FY27 | N2: FY27 | O2: FY27 | P2: FY27 | Q2: FY27 | R2: FY27 | S2: FY27 | T2: FY27 | U2: FY27 | V2: FY27 | W2: FY27 | X2: FY27 | Y2: FY27 | Z2: FY27 | AA2: FY27 | AB2: FY27 | AC2: FY27 | AD2: FY27 | AE2: FY27 | AF2: FY27 | AG2: FY27 | AH2: FY27 | AI2: FY27 | AJ2: FY27 | AK2: FY27 | AL2: FY27 | AM2: FY27 | AN2: FY27 | AO2: FY27 | AP2: FY27 | AQ2: FY27 | AR2: FY27 | AS2: FY27 | AT2: FY27 | AU2: FY27 | AV2: FY27 | AW2: FY27 | AX2: FY27 | AY2: FY27 | AZ2: FY27 | BA2: FY27 | BB2: FY27 | BC2: FY27 | BD2: FY27 | BE2: FY27 | BF2: FY27 | BG2: FY27 | BH2: FY27 | BI2: FY27 | BJ2: FY27 | BK2: FY27 | BL2: FY27 | BM2: FY27 | BN2: FY27 | BO2: FY27 | BP2: FY27 | BQ2: FY27 | BR2: FY27 | BS2: FY27 | BT2: FY27 | BU2: FY27 | BV2: FY27 | BW2: FY27 | BX2: FY27 | BY2: FY27 | BZ2: FY27 | CA2: FY27 | CB2: FY27 | CC2: FY27 | CD2: FY27 | CE2: FY27 | CF2: FY27 | CG2: FY27 | CH2: FY27 | CI2: FY27 | CJ2: FY27 | CK2: FY27 | CL2: FY27 | CM2: FY27 | CN2: FY27 | CO2: FY27 | CP2: FY27 | CQ2: FY27 | CR2: FY27 | CS2: FY27 | CT2: FY27 | CU2: FY27 | CV2: FY27 | CW2: FY27 | CX2: FY27 | CY2: FY27 | CZ2: FY27 | DA2: FY27 | DB2: FY27 | DC2: FY27 | DD2: FY27 | DE2: FY27 | DF2: FY27 | DG2: FY27 | DH2: FY27 | DI2: FY27 | DJ2: FY27 | DK2: FY27 | DL2: FY27 | DM2: FY27 | DN2: FY27 | DO2: FY27 | DP2: FY27 | DQ2: FY27 | DR2: FY27 | DS2: FY27 | DT2: FY27 | DU2: FY27 | DV2: FY27 | DW2: FY27 | DX2: FY27 | DY2: FY27 | DZ2: FY27 | EA2: FY27 | EB2: FY27 | EC2: FY27 | ED2: FY27 | EE2: FY27 | EF2: FY27 | EG2: FY27 | EH2: FY27 | EI2: FY27 | EJ2: FY27 | EK2: FY27 | EL2: FY27 | EM2: FY27 | EN2: FY27 | EO2: FY27 | EP2: FY27 | EQ2: FY27 | ER2: FY27 | ES2: FY27 | ET2: FY27 | EU2: FY27 | EV2: FY27 | EW2: FY27
A3: L3 | B3: FY27 | C3: FY27 | D3: FY27 | E3: FY27 | F3: FY27 | G3: FY27 | H3: FY27 | I3: FY27 | J3: H01 | K3: H01 | L3: H01 | M3: H01 | N3: H01 | O3: H01 | P3: H01 | Q3: H01 | R3: H02 | S3: H02 | T3: H02 | U3: H02 | V3: H02 | W3: H02 | X3: H02 | Y3: H02 | Z3: Q01 | AA3: Q01 | AB3: Q01 | AC3: Q01 | AD3: Q01 | AE3: Q01 | AF3: Q01 | AG3: Q01 | AH3: Q02 | AI3: Q02 | AJ3: Q02 | AK3: Q02 | AL3: Q02 | AM3: Q02 | AN3: Q02 | AO3: Q02 | AP3: Q03 | AQ3: Q03 | AR3: Q03 | AS3: Q03 | AT3: Q03 | AU3: Q03 | AV3: Q03 | AW3: Q03 | AX3: Q04 | AY3: Q04 | AZ3: Q04 | BA3: Q04 | BB3: Q04 | BC3: Q04 | BD3: Q04 | BE3: Q04 | BF3: Jul-26 | BG3: Jul-26 | BH3: Jul-26 | BI3: Jul-26 | BJ3: Jul-26 | BK3: Jul-26 | BL3: Jul-26 | BM3: Jul-26 | BN3: Aug-26 | BO3: Aug-26 | BP3: Aug-26 | BQ3: Aug-26 | BR3: Aug-26 | BS3: Aug-26 | BT3: Aug-26 | BU3: Aug-26 | BV3: Sep-26 | BW3: Sep-26 | BX3: Sep-26 | BY3: Sep-26 | BZ3: Sep-26 | CA3: Sep-26 | CB3: Sep-26 | CC3: Sep-26 | CD3: Oct-26 | CE3: Oct-26 | CF3: Oct-26 | CG3: Oct-26 | CH3: Oct-26 | CI3: Oct-26 | CJ3: Oct-26 | CK3: Oct-26 | CL3: Nov-26 | CM3: Nov-26 | CN3: Nov-26 | CO3: Nov-26 | CP3: Nov-26 | CQ3: Nov-26 | CR3: Nov-26 | CS3: Nov-26 | CT3: Dec-26 | CU3: Dec-26 | CV3: Dec-26 | CW3: Dec-26 | CX3: Dec-26 | CY3: Dec-26 | CZ3: Dec-26 | DA3: Dec-26 | DB3: Jan-27 | DC3: Jan-27 | DD3: Jan-27 | DE3: Jan-27 | DF3: Jan-27 | DG3: Jan-27 | DH3: Jan-27 | DI3: Jan-27 | DJ3: Feb-27 | DK3: Feb-27 | DL3: Feb-27 | DM3: Feb-27 | DN3: Feb-27 | DO3: Feb-27 | DP3: Feb-27 | DQ3: Feb-27 | DR3: Mar-27 | DS3: Mar-27 | DT3: Mar-27 | DU3: Mar-27 | DV3: Mar-27 | DW3: Mar-27 | DX3: Mar-27 | DY3: Mar-27 | DZ3: Apr-27 | EA3: Apr-27 | EB3: Apr-27 | EC3: Apr-27 | ED3: Apr-27 | EE3: Apr-27 | EF3: Apr-27 | EG3: Apr-27 | EH3: May-27 | EI3: May-27 | EJ3: May-27 | EK3: May-27 | EL3: May-27 | EM3: May-27 | EN3: May-27 | EO3: May-27 | EP3: Jun-27 | EQ3: Jun-27 | ER3: Jun-27 | ES3: Jun-27 | ET3: Jun-27 | EU3: Jun-27 | EV3: Jun-27 | EW3: Jun-27
A4: Product_line | B4: Act + Fcst | C4: Year Ago (YA) | D4: % vs YA | E4: Δ YA | F4: SPP3 % | G4: % L6M vs YA | H4: % L12M vs YA | I4: o9 Cuts | J4: Act + Fcst | K4: Year Ago (YA) | L4: % vs YA | M4: Δ YA | N4: SPP3 % | O4: % L6M vs YA | P4: % L12M vs YA | Q4: o9 Cuts | R4: Act + Fcst | S4: Year Ago (YA) | T4: % vs YA | U4: Δ YA | V4: SPP3 % | W4: % L6M vs YA | X4: % L12M vs YA | Y4: o9 Cuts | Z4: Act + Fcst | AA4: Year Ago (YA) | AB4: % vs YA | AC4: Δ YA | AD4: SPP3 % | AE4: % L6M vs YA | AF4: % L12M vs YA | AG4: o9 Cuts | AH4: Act + Fcst | AI4: Year Ago (YA) | AJ4: % vs YA | AK4: Δ YA | AL4: SPP3 % | AM4: % L6M vs YA | AN4: % L12M vs YA | AO4: o9 Cuts | AP4: Act + Fcst | AQ4: Year Ago (YA) | AR4: % vs YA | AS4: Δ YA | AT4: SPP3 % | AU4: % L6M vs YA | AV4: % L12M vs YA | AW4: o9 Cuts | AX4: Act + Fcst | AY4: Year Ago (YA) | AZ4: % vs YA | BA4: Δ YA | BB4: SPP3 % | BC4: % L6M vs YA | BD4: % L12M vs YA | BE4: o9 Cuts | BF4: Act + Fcst | BG4: Year Ago (YA) | BH4: % vs YA | BI4: Δ YA | BJ4: SPP3 % | BK4: % L6M vs YA | BL4: % L12M vs YA | BM4: o9 Cuts | BN4: Act + Fcst | BO4: Year Ago (YA) | BP4: % vs YA | BQ4: Δ YA | BR4: SPP3 % | BS4: % L6M vs YA | BT4: % L12M vs YA | BU4: o9 Cuts | BV4: Act + Fcst | BW4: Year Ago (YA) | BX4: % vs YA | BY4: Δ YA | BZ4: SPP3 % | CA4: % L6M vs YA | CB4: % L12M vs YA | CC4: o9 Cuts | CD4: Act + Fcst | CE4: Year Ago (YA) | CF4: % vs YA | CG4: Δ YA | CH4: SPP3 % | CI4: % L6M vs YA | CJ4: % L12M vs YA | CK4: o9 Cuts | CL4: Act + Fcst | CM4: Year Ago (YA) | CN4: % vs YA | CO4: Δ YA | CP4: SPP3 % | CQ4: % L6M vs YA | CR4: % L12M vs YA | CS4: o9 Cuts | CT4: Act + Fcst | CU4: Year Ago (YA) | CV4: % vs YA | CW4: Δ YA | CX4: SPP3 % | CY4: % L6M vs YA | CZ4: % L12M vs YA | DA4: o9 Cuts | DB4: Act + Fcst | DC4: Year Ago (YA) | DD4: % vs YA | DE4: Δ YA | DF4: SPP3 % | DG4: % L6M vs YA | DH4: % L12M vs YA | DI4: o9 Cuts | DJ4: Act + Fcst | DK4: Year Ago (YA) | DL4: % vs YA | DM4: Δ YA | DN4: SPP3 % | DO4: % L6M vs YA | DP4: % L12M vs YA | DQ4: o9 Cuts | DR4: Act + Fcst | DS4: Year Ago (YA) | DT4: % vs YA | DU4: Δ YA | DV4: SPP3 % | DW4: % L6M vs YA | DX4: % L12M vs YA | DY4: o9 Cuts | DZ4: Act + Fcst | EA4: Year Ago (YA) | EB4: % vs YA | EC4: Δ YA | ED4: SPP3 % | EE4: % L6M vs YA | EF4: % L12M vs YA | EG4: o9 Cuts | EH4: Act + Fcst | EI4: Year Ago (YA) | EJ4: % vs YA | EK4: Δ YA | EL4: SPP3 % | EM4: % L6M vs YA | EN4: % L12M vs YA | EO4: o9 Cuts | EP4: Act + Fcst | EQ4: Year Ago (YA) | ER4: % vs YA | ES4: Δ YA | ET4: SPP3 % | EU4: % L6M vs YA | EV4: % L12M vs YA | EW4: o9 Cuts
A5: Gorgeous Gardenia | B5: 17432.942 | C5: 21309.606 | D5: -0.18192094 | E5: -3876.6636 | F5: -0.084220261 | G5: 0.082978284 | H5: 0.053334871 | J5: 10119.851 | K5: 12640.571 | L5: -0.19941508 | M5: -2520.7206 | N5: -0.084220261 | O5: 0.082978284 | P5: 0.053334871 | R5: 7313.0916 | S5: 8669.0346 | T5: -0.15641223 | U5: -1355.943 | Z5: 5451.4536 | AA5: 8020.9308 | AB5: -0.32034651 | AC5: -2569.4772 | AD5: -0.084220261 | AE5: 0.082978284 | AF5: 0.053334871 | AH5: 4668.3972 | AI5: 4619.6406 | AJ5: 0.010554192 | AK5: 48.756576 | AP5: 3638.3916 | AQ5: 4553.6226 | AR5: -0.20098965 | AS5: -915.23099 | AX5: 3674.7 | AY5: 4115.412 | AZ5: -0.10708819 | BA5: -440.71201 | BF5: 1652.8302 | BG5: 2580.7158 | BH5: -0.35954582 | BI5: -927.88558 | BJ5: -0.027936383 | BK5: 0.001477369 | BL5: 0.11622797 | BN5: 1516.8702 | BO5: 1769.463 | BP5: -0.1427511 | BQ5: -252.59279 | BR5: -0.13063291 | BS5: 0.082978284 | BT5: 0.053334871 | BV5: 2281.7532 | BW5: 3670.752 | BX5: -0.37839625 | BY5: -1388.9988 | CD5: 1907.9844 | CE5: 1844.2344 | CF5: 0.034567186 | CG5: 63.749993 | CL5: 935.1528 | CM5: 768.76621 | CN5: 0.21643327 | CO5: 166.38659 | CT5: 1825.26 | CU5: 2006.64 | CV5: -0.090389908 | CW5: -181.38001 | DB5: 637.3452 | DC5: 501.0186 | DD5: 0.27209887 | DE5: 136.3266 | DJ5: 1091.736 | DK5: 971.7474 | DL5: 0.12347715 | DM5: 119.9886 | DR5: 1909.3104 | DS5: 3080.8566 | DT5: -0.38026638 | DU5: -1171.5462 | DZ5: 894.4356 | EA5: 732.4692 | EB5: 0.22112384 | EC5: 161.9664 | EH5: 1152.0204 | EI5: 1343.7708 | EJ5: -0.14269576 | EK5: -191.7504 | EP5: 1628.244 | EQ5: 2039.172 | ER5: -0.20151709 | ES5: -410.92801
A6: Gucci Flora Gorgeous Orchid | B6: 7889.5842 | C6: 9991.5594 | D6: -0.21037509 | E6: -2101.9752 | F6: -0.18301775 | G6: 0.36582979 | H6: 1.8480469 | I6: 2.738 | J6: 4380.3954 | K6: 5975.3778 | L6: -0.26692578 | M6: -1594.9824 | N6: -0.18301775 | O6: 0.36582979 | P6: 1.8480469 | Q6: 2.738 | R6: 3509.1888 | S6: 4016.1816 | T6: -0.12623752 | U6: -506.99281 | Z6: 2304.3162 | AA6: 3936.7296 | AB6: -0.41466231 | AC6: -1632.4134 | AD6: -0.18301775 | AE6: 0.36582979 | AF6: 1.8480469 | AG6: 2.738 | AH6: 2076.0792 | AI6: 2038.6482 | AJ6: 0.018360699 | AK6: 37.431006 | AP6: 2012.8608 | AQ6: 2199.5358 | AR6: -0.084870183 | AS6: -186.67501 | AX6: 1496.328 | AY6: 1816.6458 | AZ6: -0.17632375 | BA6: -320.3178 | BF6: 668.6616 | BG6: 1044.456 | BH6: -0.35979917 | BI6: -375.7944 | BJ6: -0.091889053 | BK6: 1.210928 | BL6: 4.0744869 | BM6: 0.043 | BN6: 582.9948 | BO6: 1247.8872 | BP6: -0.5328145 | BQ6: -664.89239 | BR6: -0.25451834 | BS6: 0.36582979 | BT6: 1.8480469 | BU6: 2.695 | BV6: 1052.6598 | BW6: 1644.3864 | BX6: -0.35984643 | BY6: -591.72659 | CD6: 803.364 | CE6: 917.421 | CF6: -0.12432351 | CG6: -114.057 | CL6: 527.5416 | CM6: 493.61099 | CN6: 0.06873957 | CO6: 33.930607 | CT6: 745.1736 | CU6: 627.6162 | CV6: 0.18730778 | CW6: 117.5574 | DB6: 427.7784 | DC6: 495.3036 | DD6: -0.13633093 | DE6: -67.525203 | DJ6: 611.4096 | DK6: 479.9898 | DL6: 0.27379706 | DM6: 131.4198 | DR6: 973.6728 | DS6: 1224.2424 | DT6: -0.20467319 | DU6: -250.5696 | DZ6: 360.9552 | EA6: 322.0638 | EB6: 0.12075682 | EC6: 38.891399 | EH6: 454.1352 | EI6: 754.6992 | EJ6: -0.39825669 | EK6: -300.564 | EP6: 681.2376 | EQ6: 739.8828 | ER6: -0.079262822 | ES6: -58.645199
A7: Gucci Flora Gorgeous Magnolia | B7: 7601.295 | C7: 5986.869 | D7: 0.26966115 | E7: 1614.426 | F7: 0.091076434 | G7: 0.68437228 | H7: 0.13871825 | J7: 5383.767 | K7: 3764.5638 | L7: 0.43011707 | M7: 1619.2032 | N7: 0.091076434 | O7: 0.68437228 | P7: 0.13871825 | R7: 2217.528 | S7: 2222.3052 | T7: -0.0021496629 | U7: -4.777207 | Z7: 3725.7534 | AA7: 2367.2442 | AB7: 0.57387792 | AC7: 1358.5092 | AD7: 0.091076434 | AE7: 0.68437228 | AF7: 0.13871825 | AH7: 1658.0136 | AI7: 1397.3196 | AJ7: 0.18656719 | AK7: 260.694 | AP7: 1167.3072 | AQ7: 1057.4766 | AR7: 0.10386102 | AS7: 109.8306 | AX7: 1050.2208 | AY7: 1164.8286 | AZ7: -0.098390272 | BA7: -114.6078 | BF7: 2562.2082 | BG7: 849.3138 | BH7: 2.016798 | BI7: 1712.8944 | BJ7: 0.44960985 | BK7: 0.50550269 | BL7: 0.20460613 | BN7: 534.1836 | BO7: 446.6856 | BP7: 0.19588273 | BQ7: 87.497997 | BR7: -0.12928938 | BS7: 0.68437228 | BT7: 0.13871825 | BV7: 629.3616 | BW7: 1071.2448 | BX7: -0.41249507 | BY7: -441.8832 | CD7: 949.77 | CE7: 846.38881 | CF7: 0.12214386 | CG7: 103.38119 | CL7: 371.0376 | CM7: 229.9512 | CN7: 0.61354931 | CO7: 141.0864 | CT7: 337.206 | CU7: 320.9796 | CV7: 0.050552748 | CW7: 16.226401 | DB7: 268.1496 | DC7: 210.9582 | DD7: 0.27110299 | DE7: 57.191399 | DJ7: 480.6288 | DK7: 399.4062 | DL7: 0.20335838 | DM7: 81.222597 | DR7: 418.5288 | DS7: 447.1122 | DT7: -0.06392892 | DU7: -28.5834 | DZ7: 287.988 | EA7: 351.174 | EB7: -0.17992789 | EC7: -63.185995 | EH7: 506.1216 | EI7: 577.06201 | EJ7: -0.12293377 | EK7: -70.940408 | EP7: 256.1112 | EQ7: 236.5926 | ER7: 0.082498776 | ES7: 19.5186
A8: Gucci Flora Gorgeous Gardenia Intense | B8: 5050.9719 | C8: 1099.8804 | D8: 3.5922919 | E8: 3951.0915 | F8: -0.070391277 | J8: 2581.2555 | M8: 2581.2555 | N8: -0.070391277 | R8: 2469.7164 | S8: 1099.8804 | T8: 1.2454409 | U8: 1369.836 | Z8: 1149.5673 | AC8: 1149.5673 | AD8: -0.070391277 | AH8: 1431.6882 | AK8: 1431.6882 | AP8: 1357.3806 | AS8: 1357.3806 | AX8: 1112.3358 | AY8: 1099.8804 | AZ8: 0.011324322 | BA8: 12.455399 | BF8: 315.0054 | BI8: 315.0054 | BJ8: 0.030382426 | BN8: 386.6724 | BQ8: 386.6724 | BR8: -0.16295645 | BV8: 447.88948 | BY8: 447.88948 | CD8: 458.2818 | CG8: 458.2818 | CL8: 537.5928 | CO8: 537.5928 | CT8: 435.8136 | CW8: 435.8136 | DB8: 464.997 | DE8: 464.997 | DJ8: 457.7568 | DM8: 457.7568 | DR8: 434.6268 | DU8: 434.6268 | DZ8: 444.5742 | EC8: 444.5742 | EH8: 263.208 | EI8: 646.743 | EJ8: -0.59302536 | EK8: -383.535 | EP8: 404.5536 | EQ8: 453.1374 | ER8: -0.10721649 | ES8: -48.583801
A9: Flora Gorgeous Jasmine | B9: 3053.2086 | C9: 5295.4746 | D9: -0.4234306 | E9: -2242.266 | F9: -0.12847115 | G9: -0.43231378 | H9: 0.039795525 | J9: 2066.583 | K9: 4257.027 | L9: -0.51454782 | M9: -2190.444 | N9: -0.12847115 | O9: -0.43231378 | P9: 0.039795525 | R9: 986.6256 | S9: 1038.4476 | T9: -0.049903335 | U9: -51.821999 | Z9: 1221.6138 | AA9: 2204.2158 | AB9: -0.44578302 | AC9: -982.60197 | AD9: -0.12847115 | AE9: -0.43231378 | AF9: 0.039795525 | AH9: 844.9692 | AI9: 2052.8112 | AJ9: -0.58838436 | AK9: -1207.842 | AP9: 580.8864 | AQ9: 583.7178 | AR9: -0.0048506294 | AS9: -2.8313987 | AX9: 405.7392 | AY9: 454.7298 | AZ9: -0.10773563 | BA9: -48.9906 | BF9: 467.9856 | BG9: 331.3698 | BH9: 0.41227595 | BI9: 136.6158 | BJ9: -0.072385243 | BK9: -0.44737006 | BL9: 0.25294401 | BN9: 176.8014 | BO9: 539.71019 | BP9: -0.67241419 | BQ9: -362.9088 | BR9: -0.17612373 | BS9: -0.43231378 | BT9: 0.039795525 | BV9: 576.82683 | BW9: 1333.1358 | BX9: -0.56731578 | BY9: -756.30898 | CD9: 314.3652 | CE9: 1326.0726 | CF9: -0.76293515 | CG9: -1011.7074 | CL9: 220.1328 | CM9: 292.1658 | CN9: -0.24654836 | CO9: -72.032999 | CT9: 310.4712 | CU9: 434.5728 | CV9: -0.28557149 | CW9: -124.1016 | DB9: 221.7276 | DC9: 226.3884 | DD9: -0.020587618 | DE9: -4.6607979 | DJ9: 143.6112 | DK9: 119.907 | DL9: 0.19768821 | DM9: 23.7042 | DR9: 215.5476 | DS9: 237.4224 | DT9: -0.092134527 | DU9: -21.874801 | DZ9: 106.7928 | EA9: 119.5302 | EB9: -0.10656219 | EC9: -12.7374 | EH9: 164.52 | EI9: 165.7776 | EJ9: -0.0075860685 | EK9: -1.2576002 | EP9: 134.4264 | EQ9: 169.422 | ER9: -0.20655877 | ES9: -34.9956

Sheet EPOS
A1: TIME PERIOD | E1: WTD | F1: WTD | G1: WTD | H1: MTD | I1: MTD | J1: MTD | K1: QTD | L1: QTD | M1: QTD | N1: FYTD | O1: FYTD | P1: FYTD | Q1: CYTD | R1: CYTD | S1: CYTD | T1: L4W | U1: L4W | V1: L4W | W1: L13W | X1: L13W | Y1: L13W | Z1: L26W | AA1: L26W | AB1: L26W | AC1: L52W | AD1: L52W | AE1: L52W
A2: CATEGORY | B2: HOUSE | C2: BRAND | D2: Line | E2: $ | F2: YoY Δ | G2: YoY % | H2: $ | I2: YoY Δ | J2: YoY % | K2: $ | L2: YoY Δ | M2: YoY % | N2: $ | O2: YoY Δ | P2: YoY % | Q2: $ | R2: YoY Δ | S2: YoY % | T2: $ | U2: YoY Δ | V2: YoY % | W2: $ | X2: YoY Δ | Y2: YoY % | Z2: $ | AA2: YoY Δ | AB2: YoY % | AC2: $ | AD2: YoY Δ | AE2: YoY %
A3: Fragrance | B3: Total | E3: 3518552 | F3: 1263267.3 | G3: 0.5601365 | H3: 10662770 | I3: 3763725.9 | J3: 0.54554314 | K3: 31421042 | L3: 421279.28 | M3: 0.013589758 | N3: 31421042 | O3: 421279.28 | P3: 0.013589758 | Q3: 97002594 | R3: -3284534.4 | S3: -0.032751306 | T3: 13126384 | U3: 3510972.4 | V3: 0.36514012 | W3: 35944202 | X3: 406118 | Y3: 0.011427684 | Z3: 71689573 | AA3: -2972042.9 | AB3: -0.039806839 | AC3: 1.6730392e+08 | AD3: -15730538 | AE3: -0.085943043
A4: Fragrance | B4: Gucci | C4: Total | E4: 3518552 | F4: 1263267.3 | G4: 0.5601365 | H4: 10662770 | I4: 3763725.9 | J4: 0.54554314 | K4: 31421042 | L4: 421279.28 | M4: 0.013589758 | N4: 31421042 | O4: 421279.28 | P4: 0.013589758 | Q4: 97002594 | R4: -3284534.4 | S4: -0.032751306 | T4: 13126384 | U4: 3510972.4 | V4: 0.36514012 | W4: 35944202 | X4: 406118 | Y4: 0.011427684 | Z4: 71689573 | AA4: -2972042.9 | AB4: -0.039806839 | AC4: 1.6730392e+08 | AD4: -15730538 | AE4: -0.085943043
A5: Fragrance | B5: Gucci | C5: Gucci Flora | D5: Total | E5: 2179084.4 | F5: 1161167.9 | G5: 1.14073 | H5: 5746095.6 | I5: 2617907 | J5: 0.83687633 | K5: 17115050 | L5: 830124.15 | M5: 0.050975004 | N5: 17115050 | O5: 830124.15 | P5: 0.050975004 | Q5: 47023946 | R5: -612731.45 | S5: -0.012862598 | T5: 6825793.6 | U5: 2404072.9 | V5: 0.54369622 | W5: 19108495 | X5: 504204.41 | Y5: 0.027101512 | Z5: 36075219 | AA5: -330887.48 | AB5: -0.0090887907 | AC5: 77651949 | AD5: -6751484.8 | AE5: -0.079990642
A6: Fragrance | B6: Gucci | C6: Gucci Flora | D6: Gucci Flora Gorgeous Magnolia | E6: 1227672.3 | F6: 1097422.2 | G6: 8.4254967 | H6: 2671537.3 | I6: 2275882.9 | J6: 5.7521983 | K6: 3621164.2 | L6: 1741262 | M6: 0.92625134 | N6: 3621164.2 | O6: 1741262 | P6: 0.92625134 | Q6: 6934967.6 | R6: -361018.04 | S6: -0.049481736 | T6: 2773137.9 | U6: 2222276.9 | V6: 4.0341874 | W6: 3819175.4 | X6: 1639873.8 | Y6: 0.75247677 | Z6: 5744934.5 | AA6: 561828.26 | AB6: 0.10839605 | AC6: 10762519 | AD6: -3548873.9 | AE6: -0.24797544
A7: Fragrance | B7: Gucci | C7: Gucci Flora | D7: Gorgeous Gardenia | E7: 320502.77 | F7: -24701.838 | G7: -0.07155709 | H7: 1036067.6 | I7: -10010.335 | J7: -0.0095693966 | K7: 4829491.8 | L7: -247809.93 | M7: -0.048807406 | N7: 4829491.8 | O7: -247809.93 | P7: -0.048807406 | Q7: 16343638 | R7: -1189123 | S7: -0.067822914 | T7: 1404878.7 | U7: -69290.856 | V7: -0.047003315 | W7: 5578025.6 | X7: -335378.17 | Y7: -0.056714911 | Z7: 12189724 | AA7: -969719.02 | AB7: -0.073689973 | AC7: 27294252 | AD7: -3728781.5 | AE7: -0.12019397
A8: Fragrance | B8: Gucci | C8: Gucci Flora | D8: Gucci Flora Gorgeous Orchid Intense | E8: 195665.51 | F8: 195665.51 | H8: 569636.62 | I8: 569636.62 | K8: 3348443.4 | L8: 3348443.4 | N8: 3348443.4 | O8: 3348443.4 | Q8: 3581695.1 | R8: 3581695.1 | T8: 791237.41 | U8: 791237.41 | W8: 3572421.1 | X8: 3572421.1 | Z8: 3581695.1 | AA8: 3581695.1 | AC8: 3581695.1 | AD8: 3581695.1
A9: Fragrance | B9: Gucci | C9: Gucci Flora | D9: Gucci Flora Gorgeous Orchid | E9: 171210.19 | F9: -60941.897 | G9: -0.2625085 | H9: 501828.57 | I9: -226513.98 | J9: -0.31099924 | K9: 2365348.8 | L9: -1213937.7 | M9: -0.33915633 | N9: 2365348.8 | O9: -1213937.7 | P9: -0.33915633 | Q9: 9217005.4 | R9: -3821213.5 | S9: -0.29307788 | T9: 694852.97 | U9: -319667.27 | V9: -0.31509206 | W9: 2743232.7 | X9: -1430845.3 | Y9: -0.34279313 | Z9: 6627954.9 | AA9: -3001901.5 | AB9: -0.31172859 | AC9: 15283087 | AD9: -9519268.1 | AE9: -0.38380501
A10: Fragrance | B10: Gucci | C10: Gucci Flora | D10: Gucci Flora Gorgeous Gardenia Intense | E10: 134997.65 | F10: -88983.902 | G10: -0.39728228 | H10: 395976.86 | I10: -299713.52 | J10: -0.43081453 | K10: 1880474.1 | L10: -2556147 | M10: -0.57614724 | N10: 1880474.1 | O10: -2556147 | P10: -0.57614724 | Q10: 7502709.3 | R10: 2678592.5 | S10: 0.55525033 | T10: 546797.67 | U10: -461430.67 | V10: -0.45766485 | W10: 2178739.3 | X10: -2634244.2 | Y10: -0.54732042 | Z10: 5392677.9 | AA10: 568561.07 | AB10: 0.11785806 | AC10: 13462296 | AD10: 8638179.5 | AE10: 1.790624
A11: Fragrance | B11: Gucci | C11: Gucci Flora | D11: Flora Gorgeous Jasmine | E11: 129035.95 | F11: 42707.853 | G11: 0.49471556 | H11: 571048.57 | I11: 308625.32 | J11: 1.1760593 | K11: 1070127.5 | L11: -241686.56 | M11: -0.18423843 | N11: 1070127.5 | O11: -241686.56 | P11: -0.18423843 | Q11: 3443930.3 | R11: -1501664.5 | S11: -0.30363678 | T11: 614888.87 | U11: 240947.37 | V11: 0.64434509 | W11: 1216901.1 | X11: -307622.92 | Y11: -0.20178292 | Z11: 2538232.8 | AA11: -1071351.3 | AB11: -0.29680741 | AC11: 7268099.7 | AD11: -2174435.9 | AE11: -0.23028093
A12: Fragrance | B12: Gucci | C12: Gucci Guilty | D12: Total | E12: 1028704.2 | F12: 137950.91 | G12: 0.15486994 | H12: 4036347.3 | I12: 1275742.8 | J12: 0.46212441 | K12: 11011021 | L12: 187388.6 | M12: 0.017312912 | N12: 11011021 | O12: 187388.6 | P12: 0.017312912 | Q12: 35036940 | R12: -3617528.8 | S12: -0.093586301 | T12: 5127796 | U12: 1313135.6 | V12: 0.34423395 | W12: 12914523 | X12: 487176.89 | Y12: 0.039202006 | Z12: 25657147 | AA12: -2006426.9 | AB12: -0.072529562 | AC12: 61706825 | AD12: -10450210 | AE12: -0.14482593
A13: Fragrance | B13: Gucci | C13: Gucci Bloom | D13: Total | E13: 206345.63 | F13: -60037.559 | G13: -0.22538043 | H13: 623593.98 | I13: -169506.33 | J13: -0.21372622 | K13: 2460742.1 | L13: -641784.19 | M13: -0.20685858 | N13: 2460742.1 | O13: -641784.19 | P13: -0.20685858 | Q13: 11954314 | R13: 724587.24 | S13: 0.064524034 | T13: 824747.86 | U13: -259556.78 | V13: -0.23937625 | W13: 2952607.4 | X13: -657411.97 | Y13: -0.1821076 | Z13: 7768217.6 | AA13: -688819.7 | AB13: -0.081449292 | AC13: 22323764 | AD13: 756175.85 | AE13: 0.035060752
A14: Fragrance | B14: Gucci | C14: Gucci Luxury Collection | D14: Total | E14: 59243.75 | F14: 12646.93 | G14: 0.27141187 | H14: 117010.63 | I14: 12635.52 | J14: 0.12105875 | K14: 380598.29 | L14: 45040.36 | M14: 0.13422529 | N14: 380598.29 | O14: 45040.36 | P14: 0.13422529 | Q14: 1275917.2 | R14: 80329.47 | S14: 0.067188271 | T14: 158755.14 | U14: 27920.88 | V14: 0.21340649 | W14: 435277.54 | X14: 53371.65 | Y14: 0.13975079 | Z14: 944492.9 | AA14: 32285.37 | AB14: 0.035392571 | AC14: 2034866.5 | AD14: 263416.63 | AE14: 0.14870115
A15: Fragrance | B15: Gucci | C15: Gucci by Gucci | D15: Total | E15: 33205.6 | F15: 14902.91 | G15: 0.81424698 | H15: 102368.17 | I15: 32965.5 | J15: 0.47498893 | K15: 309721.55 | L15: 22849.14 | M15: 0.079649137 | N15: 309721.55 | O15: 22849.14 | P15: 0.079649137 | Q15: 1184824.5 | R15: 246724.87 | S15: 0.26300497 | T15: 138204.74 | U15: 37343.05 | V15: 0.37024018 | W15: 369880.41 | X15: 47030.85 | Y15: 0.1456742 | Z15: 880888.89 | AA15: 118223.3 | AB15: 0.15501329 | AC15: 1937798.1 | AD15: 677109.61 | AE15: 0.53709509
A16: Fragrance | B16: Gucci | C16: Gucci Bamboo | D16: Total | E16: 9973.4307 | F16: -5358.7899 | G16: -0.34951166 | H16: 33448.882 | I16: -9110.4891 | J16: -0.21406541 | K16: 127373.72 | L16: -33342.787 | M16: -0.20746336 | N16: 127373.72 | O16: -33342.787 | P16: -0.20746336 | Q16: 421188.1 | R16: -195454.79 | S16: -0.31696593 | T16: 46336.151 | U16: -14553.21 | V16: -0.23901072 | W16: 142186.58 | X16: -43294.828 | Y16: -0.23341869 | Z16: 294855.19 | AA16: -154634.47 | AB16: -0.34402231 | AC16: 1535933.5 | AD16: -291516.24 | AE16: -0.1595208
A17: Fragrance | B17: Gucci | C17: Gucci Heritage Lines | D17: Total | E17: 1995 | F17: 1995 | H17: 3905 | I17: 3745 | J17: 23.40625 | K17: 16535 | L17: 15357 | M17: 13.036503 | N17: 16535 | O17: 15357 | P17: 13.036503 | Q17: 105549 | R17: 94165.99 | S17: 8.2725035 | T17: 4750 | U17: 4052 | V17: 5.8051576 | W17: 21232 | X17: 19394 | Y17: 10.551687 | Z17: 68752 | AA17: 62570 | AB17: 10.12132 | AC17: 106429 | AD17: 66907.84 | AE17: 1.6929625
A18: Fragrance | B18: Gucci | C18: Flora by Gucci | D18: Total | E18: 0 | F18: 0 | H18: 0 | I18: 0 | K18: 0 | L18: 0 | N18: 0 | O18: 0 | Q18: 0 | R18: 0 | T18: 0 | U18: 0 | W18: 0 | X18: 0 | Z18: 0 | AA18: 0 | AC18: 0 | AD18: 0
A19: Fragrance | B19: Gucci | C19: Gucci Memoire d'une Odeur | D19: Total | E19: 0 | F19: 0 | H19: 0 | I19: -653 | J19: -1 | K19: 0 | L19: -4353 | M19: -1 | N19: 0 | O19: -4353 | P19: -1 | Q19: 0 | R19: -4541.97 | S19: -1 | T19: 0 | U19: -1442 | V19: -1 | W19: 0 | X19: -4353 | Y19: -1 | Z19: 0 | AA19: -4353 | AB19: -1 | AC19: 6437 | AD19: -851.94 | AE19: -0.11688119
A20: Fragrance | B20: Gucci | C20: Gucci Premiere | D20: Total | L20: 0 | O20: 0 | Q20: -85 | R20: -85 | X20: 0 | Z20: 0 | AA20: 0 | AC20: -85 | AD20: -85
A21: Total | E21: 3518552 | F21: 1263267.3 | G21: 0.5601365 | H21: 10662770 | I21: 3763725.9 | J21: 0.54554314 | K21: 31421042 | L21: 421279.28 | M21: 0.013589758 | N21: 31421042 | O21: 421279.28 | P21: 0.013589758 | Q21: 97002594 | R21: -3284534.4 | S21: -0.032751306 | T21: 13126384 | U21: 3510972.4 | V21: 0.36514012 | W21: 35944202 | X21: 406118 | Y21: 0.011427684 | Z21: 71689573 | AA21: -2972042.9 | AB21: -0.039806839 | AC21: 1.6730392e+08 | AD21: -15730538 | AE21: -0.085943043

Sheet REAS I
A1: L1 | B1: FY | C1: FY | D1: FY | E1: FY | F1: FY | G1: FY | H1: FY | I1: FY | J1: H | K1: H | L1: H | M1: H | N1: H | O1: H | P1: H | Q1: H | R1: H | S1: H | T1: H | U1: H | V1: H | W1: H | X1: H | Y1: H | Z1: Q | AA1: Q | AB1: Q | AC1: Q | AD1: Q | AE1: Q | AF1: Q | AG1: Q | AH1: Q | AI1: Q | AJ1: Q | AK1: Q | AL1: Q | AM1: Q | AN1: Q | AO1: Q | AP1: Q | AQ1: Q | AR1: Q | AS1: Q | AT1: Q | AU1: Q | AV1: Q | AW1: Q | AX1: Q | AY1: Q | AZ1: Q | BA1: Q | BB1: Q | BC1: Q | BD1: Q | BE1: Q | BF1: M | BG1: M | BH1: M | BI1: M | BJ1: M | BK1: M | BL1: M | BM1: M | BN1: M | BO1: M | BP1: M | BQ1: M | BR1: M | BS1: M | BT1: M | BU1: M | BV1: M | BW1: M | BX1: M | BY1: M | BZ1: M | CA1: M | CB1: M | CC1: M | CD1: M | CE1: M | CF1: M | CG1: M | CH1: M | CI1: M | CJ1: M | CK1: M | CL1: M | CM1: M | CN1: M | CO1: M | CP1: M | CQ1: M | CR1: M | CS1: M | CT1: M | CU1: M | CV1: M | CW1: M | CX1: M | CY1: M | CZ1: M | DA1: M | DB1: M | DC1: M | DD1: M | DE1: M | DF1: M | DG1: M | DH1: M | DI1: M | DJ1: M | DK1: M | DL1: M | DM1: M | DN1: M | DO1: M | DP1: M | DQ1: M | DR1: M | DS1: M | DT1: M | DU1: M | DV1: M | DW1: M | DX1: M | DY1: M | DZ1: M | EA1: M | EB1: M | EC1: M | ED1: M | EE1: M | EF1: M | EG1: M | EH1: M | EI1: M | EJ1: M | EK1: M | EL1: M | EM1: M | EN1: M | EO1: M | EP1: M | EQ1: M | ER1: M | ES1: M | ET1: M | EU1: M | EV1: M | EW1: M
A2: L2 | B2: FY | C2: FY | D2: FY | E2: FY | F2: FY | G2: FY | H2: FY | I2: FY | J2: FY27 | K2: FY27 | L2: FY27 | M2: FY27 | N2: FY27 | O2: FY27 | P2: FY27 | Q2: FY27 | R2: FY27 | S2: FY27 | T2: FY27 | U2: FY27 | V2: FY27 | W2: FY27 | X2: FY27 | Y2: FY27 | Z2: FY27 | AA2: FY27 | AB2: FY27 | AC2: FY27 | AD2: FY27 | AE2: FY27 | AF2: FY27 | AG2: FY27 | AH2: FY27 | AI2: FY27 | AJ2: FY27 | AK2: FY27 | AL2: FY27 | AM2: FY27 | AN2: FY27 | AO2: FY27 | AP2: FY27 | AQ2: FY27 | AR2: FY27 | AS2: FY27 | AT2: FY27 | AU2: FY27 | AV2: FY27 | AW2: FY27 | AX2: FY27 | AY2: FY27 | AZ2: FY27 | BA2: FY27 | BB2: FY27 | BC2: FY27 | BD2: FY27 | BE2: FY27 | BF2: FY27 | BG2: FY27 | BH2: FY27 | BI2: FY27 | BJ2: FY27 | BK2: FY27 | BL2: FY27 | BM2: FY27 | BN2: FY27 | BO2: FY27 | BP2: FY27 | BQ2: FY27 | BR2: FY27 | BS2: FY27 | BT2: FY27 | BU2: FY27 | BV2: FY27 | BW2: FY27 | BX2: FY27 | BY2: FY27 | BZ2: FY27 | CA2: FY27 | CB2: FY27 | CC2: FY27 | CD2: FY27 | CE2: FY27 | CF2: FY27 | CG2: FY27 | CH2: FY27 | CI2: FY27 | CJ2: FY27 | CK2: FY27 | CL2: FY27 | CM2: FY27 | CN2: FY27 | CO2: FY27 | CP2: FY27 | CQ2: FY27 | CR2: FY27 | CS2: FY27 | CT2: FY27 | CU2: FY27 | CV2: FY27 | CW2: FY27 | CX2: FY27 | CY2: FY27 | CZ2: FY27 | DA2: FY27 | DB2: FY27 | DC2: FY27 | DD2: FY27 | DE2: FY27 | DF2: FY27 | DG2: FY27 | DH2: FY27 | DI2: FY27 | DJ2: FY27 | DK2: FY27 | DL2: FY27 | DM2: FY27 | DN2: FY27 | DO2: FY27 | DP2: FY27 | DQ2: FY27 | DR2: FY27 | DS2: FY27 | DT2: FY27 | DU2: FY27 | DV2: FY27 | DW2: FY27 | DX2: FY27 | DY2: FY27 | DZ2: FY27 | EA2: FY27 | EB2: FY27 | EC2: FY27 | ED2: FY27 | EE2: FY27 | EF2: FY27 | EG2: FY27 | EH2: FY27 | EI2: FY27 | EJ2: FY27 | EK2: FY27 | EL2: FY27 | EM2: FY27 | EN2: FY27 | EO2: FY27 | EP2: FY27 | EQ2: FY27 | ER2: FY27 | ES2: FY27 | ET2: FY27 | EU2: FY27 | EV2: FY27 | EW2: FY27
A3: L3 | B3: FY27 | C3: FY27 | D3: FY27 | E3: FY27 | F3: FY27 | G3: FY27 | H3: FY27 | I3: FY27 | J3: H01 | K3: H01 | L3: H01 | M3: H01 | N3: H01 | O3: H01 | P3: H01 | Q3: H01 | R3: H02 | S3: H02 | T3: H02 | U3: H02 | V3: H02 | W3: H02 | X3: H02 | Y3: H02 | Z3: Q01 | AA3: Q01 | AB3: Q01 | AC3: Q01 | AD3: Q01 | AE3: Q01 | AF3: Q01 | AG3: Q01 | AH3: Q02 | AI3: Q02 | AJ3: Q02 | AK3: Q02 | AL3: Q02 | AM3: Q02 | AN3: Q02 | AO3: Q02 | AP3: Q03 | AQ3: Q03 | AR3: Q03 | AS3: Q03 | AT3: Q03 | AU3: Q03 | AV3: Q03 | AW3: Q03 | AX3: Q04 | AY3: Q04 | AZ3: Q04 | BA3: Q04 | BB3: Q04 | BC3: Q04 | BD3: Q04 | BE3: Q04 | BF3: Jul-26 | BG3: Jul-26 | BH3: Jul-26 | BI3: Jul-26 | BJ3: Jul-26 | BK3: Jul-26 | BL3: Jul-26 | BM3: Jul-26 | BN3: Aug-26 | BO3: Aug-26 | BP3: Aug-26 | BQ3: Aug-26 | BR3: Aug-26 | BS3: Aug-26 | BT3: Aug-26 | BU3: Aug-26 | BV3: Sep-26 | BW3: Sep-26 | BX3: Sep-26 | BY3: Sep-26 | BZ3: Sep-26 | CA3: Sep-26 | CB3: Sep-26 | CC3: Sep-26 | CD3: Oct-26 | CE3: Oct-26 | CF3: Oct-26 | CG3: Oct-26 | CH3: Oct-26 | CI3: Oct-26 | CJ3: Oct-26 | CK3: Oct-26 | CL3: Nov-26 | CM3: Nov-26 | CN3: Nov-26 | CO3: Nov-26 | CP3: Nov-26 | CQ3: Nov-26 | CR3: Nov-26 | CS3: Nov-26 | CT3: Dec-26 | CU3: Dec-26 | CV3: Dec-26 | CW3: Dec-26 | CX3: Dec-26 | CY3: Dec-26 | CZ3: Dec-26 | DA3: Dec-26 | DB3: Jan-27 | DC3: Jan-27 | DD3: Jan-27 | DE3: Jan-27 | DF3: Jan-27 | DG3: Jan-27 | DH3: Jan-27 | DI3: Jan-27 | DJ3: Feb-27 | DK3: Feb-27 | DL3: Feb-27 | DM3: Feb-27 | DN3: Feb-27 | DO3: Feb-27 | DP3: Feb-27 | DQ3: Feb-27 | DR3: Mar-27 | DS3: Mar-27 | DT3: Mar-27 | DU3: Mar-27 | DV3: Mar-27 | DW3: Mar-27 | DX3: Mar-27 | DY3: Mar-27 | DZ3: Apr-27 | EA3: Apr-27 | EB3: Apr-27 | EC3: Apr-27 | ED3: Apr-27 | EE3: Apr-27 | EF3: Apr-27 | EG3: Apr-27 | EH3: May-27 | EI3: May-27 | EJ3: May-27 | EK3: May-27 | EL3: May-27 | EM3: May-27 | EN3: May-27 | EO3: May-27 | EP3: Jun-27 | EQ3: Jun-27 | ER3: Jun-27 | ES3: Jun-27 | ET3: Jun-27 | EU3: Jun-27 | EV3: Jun-27 | EW3: Jun-27
A4: Product_line | B4: Act + Fcst | C4: Year Ago (YA) | D4: % vs YA | E4: Δ YA | F4: SPP3 % | G4: % L6M vs YA | H4: % L12M vs YA | I4: o9 Cuts | J4: Act + Fcst | K4: Year Ago (YA) | L4: % vs YA | M4: Δ YA | N4: SPP3 % | O4: % L6M vs YA | P4: % L12M vs YA | Q4: o9 Cuts | R4: Act + Fcst | S4: Year Ago (YA) | T4: % vs YA | U4: Δ YA | V4: SPP3 % | W4: % L6M vs YA | X4: % L12M vs YA | Y4: o9 Cuts | Z4: Act + Fcst | AA4: Year Ago (YA) | AB4: % vs YA | AC4: Δ YA | AD4: SPP3 % | AE4: % L6M vs YA | AF4: % L12M vs YA | AG4: o9 Cuts | AH4: Act + Fcst | AI4: Year Ago (YA) | AJ4: % vs YA | AK4: Δ YA | AL4: SPP3 % | AM4: % L6M vs YA | AN4: % L12M vs YA | AO4: o9 Cuts | AP4: Act + Fcst | AQ4: Year Ago (YA) | AR4: % vs YA | AS4: Δ YA | AT4: SPP3 % | AU4: % L6M vs YA | AV4: % L12M vs YA | AW4: o9 Cuts | AX4: Act + Fcst | AY4: Year Ago (YA) | AZ4: % vs YA | BA4: Δ YA | BB4: SPP3 % | BC4: % L6M vs YA | BD4: % L12M vs YA | BE4: o9 Cuts | BF4: Act + Fcst | BG4: Year Ago (YA) | BH4: % vs YA | BI4: Δ YA | BJ4: SPP3 % | BK4: % L6M vs YA | BL4: % L12M vs YA | BM4: o9 Cuts | BN4: Act + Fcst | BO4: Year Ago (YA) | BP4: % vs YA | BQ4: Δ YA | BR4: SPP3 % | BS4: % L6M vs YA | BT4: % L12M vs YA | BU4: o9 Cuts | BV4: Act + Fcst | BW4: Year Ago (YA) | BX4: % vs YA | BY4: Δ YA | BZ4: SPP3 % | CA4: % L6M vs YA | CB4: % L12M vs YA | CC4: o9 Cuts | CD4: Act + Fcst | CE4: Year Ago (YA) | CF4: % vs YA | CG4: Δ YA | CH4: SPP3 % | CI4: % L6M vs YA | CJ4: % L12M vs YA | CK4: o9 Cuts | CL4: Act + Fcst | CM4: Year Ago (YA) | CN4: % vs YA | CO4: Δ YA | CP4: SPP3 % | CQ4: % L6M vs YA | CR4: % L12M vs YA | CS4: o9 Cuts | CT4: Act + Fcst | CU4: Year Ago (YA) | CV4: % vs YA | CW4: Δ YA | CX4: SPP3 % | CY4: % L6M vs YA | CZ4: % L12M vs YA | DA4: o9 Cuts | DB4: Act + Fcst | DC4: Year Ago (YA) | DD4: % vs YA | DE4: Δ YA | DF4: SPP3 % | DG4: % L6M vs YA | DH4: % L12M vs YA | DI4: o9 Cuts | DJ4: Act + Fcst | DK4: Year Ago (YA) | DL4: % vs YA | DM4: Δ YA | DN4: SPP3 % | DO4: % L6M vs YA | DP4: % L12M vs YA | DQ4: o9 Cuts | DR4: Act + Fcst | DS4: Year Ago (YA) | DT4: % vs YA | DU4: Δ YA | DV4: SPP3 % | DW4: % L6M vs YA | DX4: % L12M vs YA | DY4: o9 Cuts | DZ4: Act + Fcst | EA4: Year Ago (YA) | EB4: % vs YA | EC4: Δ YA | ED4: SPP3 % | EE4: % L6M vs YA | EF4: % L12M vs YA | EG4: o9 Cuts | EH4: Act + Fcst | EI4: Year Ago (YA) | EJ4: % vs YA | EK4: Δ YA | EL4: SPP3 % | EM4: % L6M vs YA | EN4: % L12M vs YA | EO4: o9 Cuts | EP4: Act + Fcst | EQ4: Year Ago (YA) | ER4: % vs YA | ES4: Δ YA | ET4: SPP3 % | EU4: % L6M vs YA | EV4: % L12M vs YA | EW4: o9 Cuts
A5: Gorgeous Gardenia | B5: 17432.942 | C5: 21309.606 | D5: -0.18192094 | E5: -3876.6636 | F5: -0.084220261 | G5: 0.082978284 | H5: 0.053334871 | J5: 10119.851 | K5: 12640.571 | L5: -0.19941508 | M5: -2520.7206 | N5: -0.084220261 | O5: 0.082978284 | P5: 0.053334871 | R5: 7313.0916 | S5: 8669.0346 | T5: -0.15641223 | U5: -1355.943 | Z5: 5451.4536 | AA5: 8020.9308 | AB5: -0.32034651 | AC5: -2569.4772 | AD5: -0.084220261 | AE5: 0.082978284 | AF5: 0.053334871 | AH5: 4668.3972 | AI5: 4619.6406 | AJ5: 0.010554192 | AK5: 48.756576 | AP5: 3638.3916 | AQ5: 4553.6226 | AR5: -0.20098965 | AS5: -915.23099 | AX5: 3674.7 | AY5: 4115.412 | AZ5: -0.10708819 | BA5: -440.71201 | BF5: 1652.8302 | BG5: 2580.7158 | BH5: -0.35954582 | BI5: -927.88558 | BJ5: -0.027936383 | BK5: 0.001477369 | BL5: 0.11622797 | BN5: 1516.8702 | BO5: 1769.463 | BP5: -0.1427511 | BQ5: -252.59279 | BR5: -0.13063291 | BS5: 0.082978284 | BT5: 0.053334871 | BV5: 2281.7532 | BW5: 3670.752 | BX5: -0.37839625 | BY5: -1388.9988 | CD5: 1907.9844 | CE5: 1844.2344 | CF5: 0.034567186 | CG5: 63.749993 | CL5: 935.1528 | CM5: 768.76621 | CN5: 0.21643327 | CO5: 166.38659 | CT5: 1825.26 | CU5: 2006.64 | CV5: -0.090389908 | CW5: -181.38001 | DB5: 637.3452 | DC5: 501.0186 | DD5: 0.27209887 | DE5: 136.3266 | DJ5: 1091.736 | DK5: 971.7474 | DL5: 0.12347715 | DM5: 119.9886 | DR5: 1909.3104 | DS5: 3080.8566 | DT5: -0.38026638 | DU5: -1171.5462 | DZ5: 894.4356 | EA5: 732.4692 | EB5: 0.22112384 | EC5: 161.9664 | EH5: 1152.0204 | EI5: 1343.7708 | EJ5: -0.14269576 | EK5: -191.7504 | EP5: 1628.244 | EQ5: 2039.172 | ER5: -0.20151709 | ES5: -410.92801
A6: Gucci Flora Gorgeous Orchid | B6: 8003.2482 | C6: 9991.5594 | D6: -0.19899909 | E6: -1988.3112 | F6: -0.18301775 | G6: 0.36582979 | H6: 1.8480469 | I6: 2.738 | J6: 4380.3954 | K6: 5975.3778 | L6: -0.26692578 | M6: -1594.9824 | N6: -0.18301775 | O6: 0.36582979 | P6: 1.8480469 | Q6: 2.738 | R6: 3622.8528 | S6: 4016.1816 | T6: -0.097936012 | U6: -393.32881 | Z6: 2304.3162 | AA6: 3936.7296 | AB6: -0.41466231 | AC6: -1632.4134 | AD6: -0.18301775 | AE6: 0.36582979 | AF6: 1.8480469 | AG6: 2.738 | AH6: 2076.0792 | AI6: 2038.6482 | AJ6: 0.018360699 | AK6: 37.431006 | AP6: 2126.5248 | AQ6: 2199.5358 | AR6: -0.033193825 | AS6: -73.011006 | AX6: 1496.328 | AY6: 1816.6458 | AZ6: -0.17632375 | BA6: -320.3178 | BF6: 668.6616 | BG6: 1044.456 | BH6: -0.35979917 | BI6: -375.7944 | BJ6: -0.091889053 | BK6: 1.210928 | BL6: 4.0744869 | BM6: 0.043 | BN6: 582.9948 | BO6: 1247.8872 | BP6: -0.5328145 | BQ6: -664.89239 | BR6: -0.25451834 | BS6: 0.36582979 | BT6: 1.8480469 | BU6: 2.695 | BV6: 1052.6598 | BW6: 1644.3864 | BX6: -0.35984643 | BY6: -591.72659 | CD6: 803.364 | CE6: 917.421 | CF6: -0.12432351 | CG6: -114.057 | CL6: 527.5416 | CM6: 493.61099 | CN6: 0.06873957 | CO6: 33.930607 | CT6: 745.1736 | CU6: 627.6162 | CV6: 0.18730778 | CW6: 117.5574 | DB6: 446.5224 | DC6: 495.3036 | DD6: -0.098487479 | DE6: -48.781203 | DJ6: 611.4096 | DK6: 479.9898 | DL6: 0.27379706 | DM6: 131.4198 | DR6: 1068.5928 | DS6: 1224.2424 | DT6: -0.12713953 | DU6: -155.6496 | DZ6: 360.9552 | EA6: 322.0638 | EB6: 0.12075682 | EC6: 38.891399 | EH6: 454.1352 | EI6: 754.6992 | EJ6: -0.39825669 | EK6: -300.564 | EP6: 681.2376 | EQ6: 739.8828 | ER6: -0.079262822 | ES6: -58.645199
A7: Gucci Flora Gorgeous Magnolia | B7: 7756.215 | C7: 5986.869 | D7: 0.29553778 | E7: 1769.346 | F7: 0.091076434 | G7: 0.68437228 | H7: 0.13871825 | J7: 5538.687 | K7: 3764.5638 | L7: 0.47126925 | M7: 1774.1232 | N7: 0.091076434 | O7: 0.68437228 | P7: 0.13871825 | R7: 2217.528 | S7: 2222.3052 | T7: -0.0021496629 | U7: -4.777207 | Z7: 3725.7534 | AA7: 2367.2442 | AB7: 0.57387792 | AC7: 1358.5092 | AD7: 0.091076434 | AE7: 0.68437228 | AF7: 0.13871825 | AH7: 1812.9336 | AI7: 1397.3196 | AJ7: 0.2974366 | AK7: 415.614 | AP7: 1167.3072 | AQ7: 1057.4766 | AR7: 0.10386102 | AS7: 109.8306 | AX7: 1050.2208 | AY7: 1164.8286 | AZ7: -0.098390272 | BA7: -114.6078 | BF7: 2562.2082 | BG7: 849.3138 | BH7: 2.016798 | BI7: 1712.8944 | BJ7: 0.44960985 | BK7: 0.50550269 | BL7: 0.20460613 | BN7: 534.1836 | BO7: 446.6856 | BP7: 0.19588273 | BQ7: 87.497997 | BR7: -0.12928938 | BS7: 0.68437228 | BT7: 0.13871825 | BV7: 629.3616 | BW7: 1071.2448 | BX7: -0.41249507 | BY7: -441.8832 | CD7: 1104.69 | CE7: 846.38881 | CF7: 0.30518031 | CG7: 258.30119 | CL7: 371.0376 | CM7: 229.9512 | CN7: 0.61354931 | CO7: 141.0864 | CT7: 337.206 | CU7: 320.9796 | CV7: 0.050552748 | CW7: 16.226401 | DB7: 268.1496 | DC7: 210.9582 | DD7: 0.27110299 | DE7: 57.191399 | DJ7: 480.6288 | DK7: 399.4062 | DL7: 0.20335838 | DM7: 81.222597 | DR7: 418.5288 | DS7: 447.1122 | DT7: -0.06392892 | DU7: -28.5834 | DZ7: 287.988 | EA7: 351.174 | EB7: -0.17992789 | EC7: -63.185995 | EH7: 506.1216 | EI7: 577.06201 | EJ7: -0.12293377 | EK7: -70.940408 | EP7: 256.1112 | EQ7: 236.5926 | ER7: 0.082498776 | ES7: 19.5186
A8: Gucci Flora Gorgeous Gardenia Intense | B8: 5098.0509 | C8: 1099.8804 | D8: 3.6350957 | E8: 3998.1705 | F8: -0.070391277 | J8: 2628.3345 | M8: 2628.3345 | N8: -0.070391277 | R8: 2469.7164 | S8: 1099.8804 | T8: 1.2454409 | U8: 1369.836 | Z8: 1149.5673 | AC8: 1149.5673 | AD8: -0.070391277 | AH8: 1478.7672 | AK8: 1478.7672 | AP8: 1357.3806 | AS8: 1357.3806 | AX8: 1112.3358 | AY8: 1099.8804 | AZ8: 0.011324322 | BA8: 12.455399 | BF8: 315.0054 | BI8: 315.0054 | BJ8: 0.030382426 | BN8: 386.6724 | BQ8: 386.6724 | BR8: -0.16295645 | BV8: 447.88948 | BY8: 447.88948 | CD8: 458.2818 | CG8: 458.2818 | CL8: 537.5928 | CO8: 537.5928 | CT8: 482.8926 | CW8: 482.8926 | DB8: 464.997 | DE8: 464.997 | DJ8: 457.7568 | DM8: 457.7568 | DR8: 434.6268 | DU8: 434.6268 | DZ8: 444.5742 | EC8: 444.5742 | EH8: 263.208 | EI8: 646.743 | EJ8: -0.59302536 | EK8: -383.535 | EP8: 404.5536 | EQ8: 453.1374 | ER8: -0.10721649 | ES8: -48.583801
A9: Flora Gorgeous Jasmine | B9: 3441.7494 | C9: 5295.4746 | D9: -0.35005836 | E9: -1853.7252 | F9: -0.12847115 | G9: -0.43231378 | H9: 0.039795525 | J9: 2078.559 | K9: 4257.027 | L9: -0.51173459 | M9: -2178.468 | N9: -0.12847115 | O9: -0.43231378 | P9: 0.039795525 | R9: 1363.1904 | S9: 1038.4476 | T9: 0.31271949 | U9: 324.7428 | Z9: 1221.6138 | AA9: 2204.2158 | AB9: -0.44578302 | AC9: -982.60197 | AD9: -0.12847115 | AE9: -0.43231378 | AF9: 0.039795525 | AH9: 856.9452 | AI9: 2052.8112 | AJ9: -0.58255041 | AK9: -1195.866 | AP9: 706.5984 | AQ9: 583.7178 | AR9: 0.21051371 | AS9: 122.8806 | AX9: 656.592 | AY9: 454.7298 | AZ9: 0.44391681 | BA9: 201.8622 | BF9: 467.9856 | BG9: 331.3698 | BH9: 0.41227595 | BI9: 136.6158 | BJ9: -0.072385243 | BK9: -0.44737006 | BL9: 0.25294401 | BN9: 176.8014 | BO9: 539.71019 | BP9: -0.67241419 | BQ9: -362.9088 | BR9: -0.17612373 | BS9: -0.43231378 | BT9: 0.039795525 | BV9: 576.82683 | BW9: 1333.1358 | BX9: -0.56731578 | BY9: -756.30898 | CD9: 338.5812 | CE9: 1326.0726 | CF9: -0.74467371 | CG9: -987.49139 | CL9: 206.5008 | CM9: 292.1658 | CN9: -0.2932068 | CO9: -85.664999 | CT9: 311.8632 | CU9: 434.5728 | CV9: -0.28236834 | CW9: -122.7096 | DB9: 255.4956 | DC9: 226.3884 | DD9: 0.12857197 | DE9: 29.107202 | DJ9: 190.4592 | DK9: 119.907 | DL9: 0.588391 | DM9: 70.5522 | DR9: 260.6436 | DS9: 237.4224 | DT9: 0.097805428 | DU9: 23.221199 | DZ9: 155.4408 | EA9: 119.5302 | EB9: 0.30043119 | EC9: 35.9106 | EH9: 179.6448 | EI9: 165.7776 | EJ9: 0.083649418 | EK9: 13.8672 | EP9: 321.5064 | EQ9: 169.422 | ER9: 0.89766619 | ES9: 152.0844
